CREATE TABLE public.customers (
    customer_id integer,
    first_name text,
    last_name text,
    address text
);

CREATE TABLE public.order_info (
    order_id integer,
    customer_id integer,
    product_code text,
    qty integer
);

CREATE TABLE public.products (
    product_code text,
    name text,
    stock integer
);

INSERT INTO public.customers (customer_id, first_name, last_name, address) VALUES ('4','Guybrush','Threepwood','Melee Island');
INSERT INTO public.customers (customer_id, first_name, last_name, address) VALUES ('5','Murray','TheSkull','Plunder island');
INSERT INTO public.customers (customer_id, first_name, last_name, address) VALUES ('1','Meat','Hook','Melee Island');
INSERT INTO public.customers (customer_id, first_name, last_name, address) VALUES ('2','Captain','Blondebeard','Puerto Pollo');
INSERT INTO public.customers (customer_id, first_name, last_name, address) VALUES ('3','Griswold','Goodsoup','Blood Island');

INSERT INTO public.order_info (order_id, customer_id, product_code, qty) VALUES ('1618','3','GROG1','12');
INSERT INTO public.order_info (order_id, customer_id, product_code, qty) VALUES ('1619','2','POULET3','3');
INSERT INTO public.order_info (order_id, customer_id, product_code, qty) VALUES ('1620','4','MON123','1');
INSERT INTO public.order_info (order_id, customer_id, product_code, qty) VALUES ('1621','4','MON636','3');
INSERT INTO public.order_info (order_id, customer_id, product_code, qty) VALUES ('1622','5','MON666','1');

INSERT INTO public.products (product_code, name, stock) VALUES ('MON636','Red Herring','99');
INSERT INTO public.products (product_code, name, stock) VALUES ('MON666','Murray"s Arm','0');
INSERT INTO public.products (product_code, name, stock) VALUES ('GROG1','Grog','65');
INSERT INTO public.products (product_code, name, stock) VALUES ('POULET3','El Pollo Diablo','2');
INSERT INTO public.products (product_code, name, stock) VALUES ('MON123','Rubber Chicken + Pulley','7');
